title,budget,runtime,revenue
Movie 0,59934283.06022465,130.99033154879004,137695809.896033
Movie 1,47234713.976576306,123.86950524369153,116038895.51878402
Movie 2,62953770.76201385,110.89445554880261,142418680.2888692
Movie 3,80460597.1281605,100.2959483344164,193717862.2502236
Movie 4,45316932.50553328,120.47334970420386,87548488.84768343
Movie 5,45317260.86101639,115.90228078132624,116192918.12565081
Movie 6,81584256.31014782,123.42789830041599,203990145.11864775
Movie 7,65348694.58305818,119.52757702522955,147353033.83795616
Movie 8,40610512.28130096,125.74329072979003,109557971.997533
Movie 9,60851200.87171929,101.97147182659148,169243682.81211
Movie 10,40731646.14375076,129.76091098451488,82185547.49426498
Movie 11,40685404.928594865,112.963994070386,92403982.38197538
Movie 12,54839245.43132068,141.12891308937898,124444357.75081919
Movie 13,11734395.106844045,99.66218272865649,26027229.461942293
Movie 14,15501643.349739343,136.03945704747875,42611575.324510574
Movie 15,38754249.41518055,112.96866175193972,94632147.58039658
Movie 16,29743377.593311526,100.22872994578327,71998174.5420379
Movie 17,56284946.65190548,102.74171248918518,106876180.74624512
Movie 18,31839518.48957578,105.1947903770852,85668217.4603764
Movie 19,21753925.97329417,116.36248919602875,46297194.31820768
Movie 20,79312975.37843108,117.8425323205325,199708469.01468107
Movie 21,45484473.99026929,101.39449994092132,117496088.21169119
Movie 22,51350564.09375848,109.63468111608526,149337586.164997
Movie 23,21505036.275730863,142.13405537917794,45318721.64088525
Movie 24,39112345.509496346,135.91314755151066,62350802.96116438
Movie 25,52218451.79419732,116.54485504511048,133426231.06252508
Movie 26,26980128.451553944,110.570052172523,82023728.01557146
Movie 27,57513960.36691344,111.80046990077392,165161914.34919083
Movie 28,37987226.2016239,119.20276959095625,97357379.39406097
Movie 29,44166125.00413446,94.65811152202392,103901212.9409819
Movie 30,37965867.75541206,106.13935193864982,104107602.31843123
Movie 31,87045563.69017875,84.97123889183615,192191045.90593484
Movie 32,49730055.50524132,115.98834683907918,131431928.2562346
Movie 33,28845781.420881994,119.70793909554112,76488658.07003467
Movie 34,66450898.24206378,102.75220306550939,187262815.80869022
Movie 35,25583127.000579555,133.6098014493505,85138037.47761482
Movie 36,54177271.900095105,91.61351505496488,141821187.71577263
Movie 37,10806597.522404492,88.0343767968527,25366444.289041832
Movie 38,23436279.02203139,113.36677727839958,58410887.54018004
Movie 39,53937224.71738247,125.70647453918232,106217348.40622285
Movie 40,,135.25891537186803,148424497.4534752
Movie 41,53427365.62379941,103.1167360569659,127008349.32015789
Movie 42,47687034.35223519,126.18021250146944,111719919.44981353
Movie 43,43977926.088214226,109.42237295748939,111954890.61097907
Movie 44,20429560.192651454,107.41059050088771,46033397.227957085
Movie 45,35603115.83210583,123.25489906230008,100981444.99029338
Movie 46,40787224.58080425,119.78484317620129,101970595.13300702
Movie 47,71142444.52437831,86.35411764523626,177657617.03674698
Movie 48,56872365.79136923,132.14810524588844,136586470.00084907
Movie 49,14739196.892745323,130.70137031221176,37534208.045458496
Movie 50,56481679.3878959,100.61655947735706,155185079.16427973
Movie 51,42298354.39167367,115.93705300156114,94742431.62882374
Movie 52,36461559.99388082,117.41045279424108,83955113.82988815
Movie 53,62233525.77681736,113.9101064873586,149913231.94975454
Movie 54,70619990.44991902,101.7454226923187,148036358.59604692
Movie 55,68625602.38232398,99.92564948092922,154697386.71685758
Movie 56,,109.61668893512832,78293728.14771661
Movie 57,43815752.48297571,127.59093528889048,121032987.1822095
Movie 58,56625268.62807128,118.15400231891648,146023453.30600142
Movie 59,69510902.54244718,104.44078501870841,177814239.19479907
Movie 60,,121.57548065972517,111358387.24521938
Movie 61,,67.27186069054886,113809500.17475846
Movie 62,27873300.519879434,127.23148550558156,72948314.53105386
Movie 63,26075867.518386584,83.90429331832851,64382189.76962144
Movie 64,66250516.44788396,104.56338587895301,170900408.92777467
Movie 65,77124800.57141647,93.20495158060784,179328457.85367328
Movie 66,48559797.56839332,90.57977786418641,85870953.667315
Movie 67,70070657.95784049,127.41240181067779,172353936.12127465
Movie 68,57232720.50095268,102.98448198032163,167510125.1773795
Movie 69,37097604.90789752,115.19755822596073,103052124.18533418
Movie 70,57227912.11016828,109.29619131681224,159644084.99528903
Movie 71,80760731.32931939,117.15561240834683,231851074.65681136
Movie 72,49283479.21780097,111.15232836590383,124519504.4069969
Movie 73,81292873.11628012,90.75511663717145,208044291.02049196
Movie 74,5000000.0,124.94400229170711,11573522.156848475
Movie 75,66438050.08750448,102.59365125258032,159795345.9467535
Movie 76,51740941.364763424,86.65127152010373,138910527.09823504
Movie 77,44019852.99068265,103.57827258551131,125948077.25928922
Movie 78,51835215.53071005,132.51139685951466,127419570.5003113
Movie 79,10248621.707982145,,24237408.428218354
Movie 80,,104.7702179838821,114023629.12466098
Movie 81,57142251.43023493,104.76113443522357,153161920.73824582
Movie 82,79557880.89483032,105.17547423173926,164433693.38966197
Movie 83,39634595.63452705,141.15121975341262,71784028.01192842
Movie 84,33830127.94213625,115.7290317834733,78987900.23879237
Movie 85,39964859.128309265,116.45062470786604,85276467.77942236
Movie 86,68308042.35404149,125.45425181047763,160357087.24229866
Movie 87,56575022.19319369,113.5818373853977,138929353.03793952
Movie 88,39404795.92465922,106.11436781268945,93153941.49342956
Movie 89,60265348.66226712,107.05475226372532,176923410.3713187
Movie 90,,108.92598110878905,134945366.42249617
Movie 91,69372899.81065778,109.44166645235238,179685682.82013053
Movie 92,35958938.12245295,120.9144431545547,96609517.76373383
Movie 93,43446757.06804463,110.77918828710949,93773310.9273321
Movie 94,42157836.937356845,120.98960115823368,118536603.93151684
Movie 95,20729701.03735763,108.78925129837127,51353081.29063744
Movie 96,55922405.54129152,111.17952785474137,151054480.54871038
Movie 97,55221105.443597786,80.0269897320184,120296021.22313645
Movie 98,50102269.13284922,123.74491512053723,101901620.87338488
Movie 99,,115.19732713846989,124387789.85985845
Movie 100,21692585.158991717,124.97015164789478,56681051.60733712
Movie 101,41587093.54469282,66.55616932709466,92713623.14977165
Movie 102,43145709.66946461,141.3256205717109,96607604.92918253
Movie 103,33954454.615567625,107.9061555776724,96350193.83197679
Movie 104,,126.62274225106275,100245546.88532035
Movie 105,58081017.13629077,94.40141109311703,173824977.6249412
Movie 106,87723718.0242106,119.19160857593855,195607555.24862438
Movie 107,53491556.256636776,94.19876655239516,143973463.92233098
Movie 108,55151007.814455286,100.64346558956292,132440427.49893622
Movie 109,48511081.684676655,138.7104703080018,130056086.63381338
Movie 110,11624575.694019169,107.1397639885498,27163910.91392228
Movie 111,49469722.491015665,113.26149309769585,121258310.26146844
Movie 112,51204604.19882053,123.05101596033131,128640085.55113535
Movie 113,99264842.24970573,117.43522831958907,218317511.71342978
Movie 114,46152780.70437755,112.25628357715365,125639282.82733561
Movie 115,56030946.84667225,115.47441503699338,131450614.49749249
Movie 116,49305764.60589513,146.05123377857413,119883023.43033308
Movie 117,26626439.24760936,109.13571804449622,58623303.15484983
Movie 118,72856456.29030041,113.01648570072452,126136375.66179521
Movie 119,,125.75981594011418,158869394.6861803
Movie 120,65820638.94086094,126.58288899436975,212191563.92289338
Movie 121,31812250.90410522,127.8054545834057,87018635.80037767
Movie 122,78055886.21872199,119.58095333043777,194688699.7440818
Movie 123,21962978.744154382,92.85492630904275,53175287.15220567
Movie 124,61737141.8760054,134.50147298451645,154758948.69358605
Movie 125,,92.80481910471968,249920208.8810694
Movie 126,30189273.497386232,114.5395319785855,64778819.43429238
Movie 127,38674045.40794456,98.68586224970963,109613711.86546591
Movie 128,51993027.30175282,109.0379248011051,141141020.33385217
Movie 129,39930486.91767602,114.9314361545522,108429469.01164274
Movie 130,18986731.378677346,114.8203582317541,49964394.76734758
Movie 131,51371259.49612055,116.32881131352927,128730468.46415474
Movie 132,28753925.725477904,134.2056690358797,77689034.91445772
Movie 133,59471848.61270364,116.8030145227097,159238505.70237675
Movie 134,31611515.315323938,106.33765047064027,75671259.28146175
Movie 135,80998688.1003508,124.46130752432536,188558422.9218717
Movie 136,34334934.15327526,127.8420573338696,86886504.1404632
Movie 137,43558769.67588649,91.58588277294511,129138947.79040192
Movie 138,66270344.34739339,118.96100104774787,141041045.0924208
Movie 139,25382713.671320897,120.51759113466348,52281852.09049525
Movie 140,54549198.69208259,105.53654744960012,139069268.28979212
Movie 141,76142855.08564857,130.63560219967428,191519558.18654078
Movie 142,,107.7491661945121,45554100.32153652
Movie 143,53692677.17064609,111.88364680207313,138161243.01662955
Movie 144,55197655.884968475,107.40392263574195,134298067.33919686
Movie 145,65636457.435546204,110.23368571372201,193427951.04064012
Movie 146,25260985.78243836,,51020340.66429262
Movie 147,23590867.738314472,88.39923676108559,53113680.225832835
Movie 148,60438831.31233795,133.91757594837458,149224899.1715916
Movie 149,55939693.46466372,97.29557977522508,112273390.14150052
Movie 150,,95.1291147581554,134622524.82474038
Movie 151,56928964.189939514,77.69914829594427,170698143.14506376
Movie 152,,100.41557378465747,91226841.27518561
Movie 153,54645073.94322007,90.15365309888753,140394685.27357978
Movie 154,55861449.46597362,134.63022740204553,118535234.56038748
Movie 155,35712971.63947264,125.1472563401395,82678799.85318781
Movie 156,87315490.22289513,99.67774482233415,208460588.79388574
Movie 157,59476658.41823575,143.78653708016463,143022656.3603632
Movie 158,26173930.055947028,124.72648230487391,75498521.65398772
Movie 159,63131072.17267659,105.12752924737066,168389970.8130998
Movie 160,30506366.59545357,72.5089142768964,66093953.32170745
Movie 161,65741692.07484904,144.36413858886112,169215922.55871934
Movie 162,73171911.58014809,89.15641299854606,193866530.26886427
Movie 163,33586353.63296579,85.31901879564663,95453918.72303283
Movie 164,69267522.58488643,125.3385564801446,206012847.7731781
Movie 165,58255618.538729966,146.59628609508908,127898564.3408235
Movie 166,66441203.1998898,130.76409227765777,149940703.3991796
Movie 167,87935859.65307894,118.4586368007854,186663792.1013968
Movie 168,45092237.67994259,118.92131512497929,109564850.46725287
Movie 169,34925276.71285021,122.80123338170462,92199500.3645935
Movie 170,32209711.407489534,121.38392884680148,90064806.47132029
Movie 171,33683794.30069123,114.21787135954064,83441990.15453757
Movie 172,48457965.81171791,111.56301655927814,116495166.42524101
Movie 173,56823039.49633288,109.06110308150717,144644603.8570625
Movie 174,55533815.986600384,98.69053116699986,124920938.3000098
Movie 175,66543664.980720475,105.78987384699839,208072831.85001114
Movie 176,50260037.83755814,84.60564778706922,101409763.37801899
Movie 177,79070681.54314634,108.52490559807875,202058972.90245396
Movie 178,44706863.33524088,95.17113339273624,138907884.34433508
Movie 179,104403383.33179238,93.44616024176344,261221436.36293915
Movie 180,62513346.95530012,112.69841226730217,152719374.54922065
Movie 181,32856848.871674348,130.880034295169,78618763.10803969
Movie 182,28582150.038777754,123.7747490900347,69908580.4627802
Movie 183,59649448.304863706,86.44249094565234,173690516.99834785
Movie 184,45530744.29348298,95.15557795144494,
Movie 185,64280009.88184184,124.11156781982324,190270764.74634773
Movie 186,59464752.491470896,95.26268909692536,123259303.34000497
Movie 187,48543421.746862546,106.63050275004463,117475289.42381352
Movie 188,33064125.6386319,118.25078148536828,78402536.66384874
Movie 189,19703055.506282706,95.47483317704547,52736528.088515766
Movie 190,41069700.958659574,111.5806325921894,82983905.6286638
Movie 191,67127975.88646945,89.98961757622693,177127354.3914138
Movie 192,54281874.88260408,100.9794853407318,168669683.7149827
Movie 193,25085224.42576024,,52454403.31342871
Movie 194,53463618.51702364,86.10509399702497,136701759.74519372
Movie 195,57706347.59457674,,132805696.89043804
Movie 196,32322851.27597734,109.70543301609978,84936894.83777905
Movie 197,53074502.11891056,118.28734931625722,132991132.92318383
Movie 198,51164174.36892,113.35871201096992,118064091.50138322
Movie 199,27140594.04338754,130.46210644960766,71823828.19708057
Movie 200,57155747.20696566,111.87836753971861,173828027.3483154
Movie 201,61215690.527364686,103.5589168831212,149533334.08794805
Movie 202,71661024.86350554,111.83446254548426,194626139.6951598
Movie 203,71076041.04069805,118.14947043554582,150113886.05260238
Movie 204,22446612.64085818,110.73290105488556,49675904.54232754
Movie 205,31243499.201697543,110.60887536805824,82536635.55399361
Movie 206,60300705.34417319,99.47012468289867,177599736.36042652
Movie 207,60275719.01824418,100.05648623673578,157119752.63277283
Movie 208,60300953.726120956,88.9609209230046,145089074.9716522
Movie 209,127054629.81309442,136.2436511478041,317609565.46624905
Movie 210,61417810.21386334,91.34205146913072,130505334.06618865
Movie 211,72711312.80361198,99.60642203306139,194964812.90579075
Movie 212,69080035.26986405,99.22389101646203,190985567.8941806
Movie 213,63027825.02611596,123.42386565416662,149021281.4471493
Movie 214,43694615.10719309,105.57575482561958,103075044.54882978
Movie 215,65179384.40986535,128.71613109010602,168147394.82567498
Movie 216,34543495.709248565,99.89764063634198,81832991.37470268
Movie 217,45263627.86519982,114.18491243335703,112261049.04554677
Movie 218,40292729.04341793,97.46979420110364,126112878.94377895
Movie 219,51637482.787726454,142.17723691660083,125266971.3581969
Movie 220,96293171.33347017,92.18602371455731,230381215.43740305
Movie 221,12654696.14816504,114.64731065340541,29178406.932348475
Movie 222,63725203.80749027,119.50665321398148,173540145.0354451
Movie 223,17745682.576206967,116.20698646177247,43399422.44459822
Movie 224,40561362.68421133,107.22068511683437,93501570.11311723
Movie 225,71779011.93934733,108.05268950399861,207900099.22077802
Movie 226,51285600.38190926,,150055558.67190638
Movie 227,28445104.44141388,107.79496997557267,65989027.79257761
Movie 228,35693925.814800635,124.45818675192365,69247572.97073336
Movie 229,63591954.978693515,143.15784502387027,178200817.00809187
Movie 230,35392667.36565727,101.6376232248825,81212405.70662366
Movie 231,54329171.7916395,89.45295530631384,148709139.67903334
Movie 232,50911436.79807627,108.67576927473118,97188347.19486521
Movie 233,36967993.04788366,148.69564006481477,102319242.27875164
Movie 234,92878881.7865065,97.94488148045404,198449516.13342485
Movie 235,62678380.44636022,134.58675208166102,170436884.55732083
Movie 236,9497148.266847856,135.16551221114662,23783536.69955926
Movie 237,53729086.29538855,101.69617637438009,118946427.72287081
Movie 238,36764270.70463224,118.53474618777913,87421358.80306393
Movie 239,67048666.695924476,134.42594934692806,181426687.9801365
Movie 240,34149585.23134599,104.3130838851877,86458838.57402061
Movie 241,47705271.17066202,106.94629459846458,127627051.83938345
Movie 242,60099745.57960914,,185884436.83380124
Movie 243,67315103.88340244,94.77864903960699,136698633.73118502
Movie 244,25994071.858884476,100.26083682400989,77596561.61265899
Movie 245,43309975.283181034,91.64089599856615,109630834.13038765
Movie 246,40501093.77678087,110.51125202388839,90332213.33408925
Movie 247,36933415.34852576,98.45040153412037,77593630.666348
Movie 248,85309084.80562194,113.50678867686122,208432605.77747375
Movie 249,58099634.21921911,86.66156530694559,161313345.86232182
Movie 250,24782320.913299095,114.96320348321686,61007513.313226216
Movie 251,68357238.94109553,,201882610.94591856
Movie 252,92443123.94025266,80.09396536142816,190862445.5982763
Movie 253,70649305.21102294,115.61084854771359,176367040.29774055
Movie 254,19612600.680919733,,41662693.94609649
Movie 255,40315318.54267497,91.85538471963191,105186276.9107769
Movie 256,75338222.98373246,,208390513.44631442
Movie 257,35846610.68762439,116.28528514049067,85091661.45596759
Movie 258,58876388.56292457,99.42482216362387,101192959.33019198
Movie 259,65492681.06858674,109.16346383513441,167640596.92966563
Movie 260,31461390.56843834,118.37490368782584,82775597.06681046
Movie 261,48809492.878763996,111.14008087118617,127943758.78587738
Movie 262,5000000.0,118.08133988669553,
Movie 263,29512247.173314203,96.1898961038095,64297857.654378384
Movie 264,44948636.972136796,112.54041236054117,121544028.46628988
Movie 265,,88.7942825464253,71570508.67830662
Movie 266,82648226.07863271,108.33160907976949,162521432.57349586
Movie 267,21397172.440787345,96.44138537802816,55544824.674028635
Movie 268,41199110.26606032,98.9670508611535,96766247.5296682
Movie 269,52614811.54572183,128.54139762815657,130250238.83972059
Movie 270,78825465.78132232,126.36965180891403,205285392.68014225
Movie 271,21282756.976411212,119.13707181360766,50096022.30442968
Movie 272,73263275.0430992,93.61530852991132,168306811.55200958
Movie 273,50204661.22039174,105.25387325457797,126026036.21593244
Movie 274,30369826.97904098,128.19646549968775,66018726.13352397
Movie 275,59242069.48526542,112.12575370459857,128807215.39288452
Movie 276,53981193.9114694,144.7899430997254,145954999.05633748
Movie 277,37995662.45682411,115.89976759091557,81894399.0243699
Movie 278,51396041.69980038,112.88073674735047,138763851.77404937
Movie 279,42293728.06276479,105.36325303696248,111603733.26016234
Movie 280,52270346.90502496,112.00311357173423,103613312.34108916
Movie 281,63242613.49042094,107.71295245429184,145251245.89932176
Movie 282,81720336.32290705,120.62163015032885,233575747.41428074
Movie 283,25243690.02346302,124.35053475191876,55678753.49971857
Movie 284,92660667.49312533,98.21015809238075,218742066.05314124
Movie 285,10958244.00954996,90.03150569663333,28914622.82853237
Movie 286,46964298.09928834,82.45691940345056,128448160.87005118
Movie 287,61766344.12969153,117.61986990368815,149754869.10500175
Movie 288,55619837.354700655,93.4495009073919,129079567.43279426
Movie 289,37546009.60358813,77.70664110571275,109886317.75512625
Movie 290,45837554.9928545,115.82867906796446,138505960.17204955
Movie 291,40139981.30682334,147.39499276149186,112137356.4251828
Movie 292,38212704.86111577,109.9089363269016,96509833.25313018
Movie 293,66992041.94042049,122.57736161677462,151235893.5140993
Movie 294,,111.22744037821347,128615219.1196614
Movie 295,36141808.09478691,108.51665520213287,96019901.59276757
Movie 296,67991997.50866501,123.78614724481653,178514313.0093505
Movie 297,56145990.41753219,105.64588183717024,163973218.39446953
Movie 298,66257242.3767792,114.01088471107855,178572214.77249762
Movie 299,62592576.83847225,114.8254670929402,128256941.311492
Movie 300,,99.97864319535427,94097107.7586782
Movie 301,38796379.19606061,124.88063524304785,85374606.4227671
Movie 302,64945872.102465235,107.37560364956887,154883475.52039158
Movie 303,62207405.3086693,98.66382260760733,
Movie 304,49581968.120717034,118.04764765355606,153639656.85919854
Movie 305,52346547.66617564,96.52298027313444,179704419.14439672
Movie 306,75553297.9157685,110.42271736053692,202635223.201206
Movie 307,38168572.2232834,109.86321505033695,93323724.54640138
Movie 308,60941947.62340076,126.28843348747367,162127013.628736
Movie 309,45956146.951322116,117.12047349319928,127128334.33638422
Movie 310,45646375.93545559,109.62459561882284,109724745.34268492
Movie 311,71975537.03974381,122.26649448800431,218702233.03185034
Movie 312,66508326.979760595,130.8531132352597,170861303.83363655
Movie 313,66270192.72001277,118.36715459527794,175571140.93177426
Movie 314,76109576.14308658,,205478904.12789655
Movie 315,50420076.832655184,90.32245651474761,132427120.87127782
Movie 316,63639059.42589928,94.02329505386942,175114463.87400198
Movie 317,,105.42162943467999,101376943.23724468
Movie 318,56483327.04976884,100.85731696761076,131747895.45624413
Movie 319,47397138.91264631,107.19543045521831,102849598.37996718
Movie 320,51939919.29985436,110.8497488734566,136698095.78481627
Movie 321,61903140.50873827,117.94539131535096,169223436.01913437
Movie 322,33635586.335330546,108.94251832911362,88708203.46675341
Movie 323,91847745.5137092,117.29752465739303,275758870.2490939
Movie 324,29879652.37000596,110.9671162221518,74648968.79583453
Movie 325,25716227.744245358,80.36800150469193,69449823.17579761
Movie 326,73162217.47000135,95.90996909271868,158944166.60131472
Movie 327,65833253.87925872,107.83868666417577,156937924.80127198
Movie 328,62482396.3410431,91.85457885738339,169243650.60412332
Movie 329,,118.99893094994307,172354984.1135148
Movie 330,49755064.54306171,132.96126248515546,119999758.0212868
Movie 331,32054912.57028337,,79448749.09818602
Movie 332,51516091.16387453,106.79835693604689,105331751.2169082
Movie 333,36456765.76975776,132.36089205274928,87237075.44036329
Movie 334,69502394.66835502,112.23001185803167,192321115.28199074
Movie 335,47058852.36995722,104.94371043322941,125767677.30551839
Movie 336,33490056.064149767,100.79896004688591,
Movie 337,43572283.16694013,105.46295470267808,109581333.87498377
Movie 338,58258629.08551249,104.17734772188157,145770019.69538853
Movie 339,38725508.94392051,112.55624333563232,89142390.70203964
Movie 340,33555592.08867137,112.40860971574797,90923860.64416449
Movie 341,54873744.229838245,110.04569030230121,144114469.0780272
Movie 342,54899331.422174454,116.55407254619524,145351780.29601008
Movie 343,39861136.492577404,127.85969412179512,93362337.23241633
Movie 344,40579233.88763355,124.24331203161985,75233782.92336337
Movie 345,54640998.74715272,87.72653047325144,154587352.85239246
Movie 346,,71.69118297647069,49573603.21801683
Movie 347,21850724.512468897,124.01479866858911,48971128.62032991
Movie 348,35631115.574951276,89.49681952376868,96490617.11513788
Movie 349,45731056.965763055,106.62851897160975,108949496.70417538
Movie 350,56218151.31196009,92.44830460910961,158421677.4857157
Movie 351,79507124.33899105,82.9702934362997,213484721.47274512
Movie 352,67153192.46404038,118.12194092307182,181654139.85711962
Movie 353,46801229.40073146,,97824551.524488
Movie 354,49619675.84194622,101.35234398909921,142090069.91290644
Movie 355,29949412.707243823,71.13436561782635,77220821.7620824
Movie 356,49629737.2801522,101.80633327621275,118576204.97907394
Movie 357,44226827.22159723,115.8770600810382,112469553.14520769
Movie 358,56454371.20676179,87.81632646838807,111053055.06033325
Movie 359,33455381.12895354,,87739943.48963511
Movie 360,60386930.28482345,109.77035226240507,132319150.06152633
Movie 361,80654778.26005155,118.68937249401633,168907149.06102762
Movie 362,47824797.030862845,111.79370552621229,97720036.85047506
Movie 363,58034234.44197883,95.40396588677666,164457791.50945598
Movie 364,63802879.83422225,127.94857252496737,147462554.57799885
Movie 365,41975590.56228328,107.62205640459545,124252714.32135318
Movie 366,54481849.63620833,109.59043190735102,127447187.66705813
Movie 367,50251848.0156359,96.00098061390206,99890252.26111557
Movie 368,51953521.970976636,103.35076623212734,112481591.82084008
Movie 369,34539804.32289067,96.72795928959648,99154918.26772493
Movie 370,50490203.48517885,107.40580910114866,123864109.49484985
Movie 371,59959965.824908994,135.67562720213516,140037328.29433003
Movie 372,79022872.15590084,89.42148285602966,201350710.33100575
Movie 373,69185416.52170414,85.79657903184888,183378355.58580595
Movie 374,93063649.15023112,132.06755491240412,263855886.28478688
Movie 375,34653048.74223901,106.86014484272201,101691096.18057011
Movie 376,67446412.73441356,99.96390892010125,161336500.4641964
Movie 377,53666840.11476704,125.59857031094114,112817663.54086114
Movie 378,93796058.66435345,100.91576690394703,222855725.90836808
Movie 379,33834034.29289697,137.39014570320404,87226987.60789183
Movie 380,33205563.15638448,120.16888807008904,73413260.52341649
Movie 381,38012147.09111956,102.68132887781447,84115359.31818189
Movie 382,7522085.513803862,142.35962319898255,19581014.337597966
Movie 383,39484899.56638478,100.91427615494993,98135938.95133364
Movie 384,34817346.76892604,121.13143058013961,87385938.23098232
Movie 385,53007875.72952415,114.48938870609737,120457821.39084885
Movie 386,56835119.51554319,129.52611934098198,138159343.1503526
Movie 387,87523416.78431773,133.4226679509028,194540929.15329173
Movie 388,69008476.763721,110.4800622359865,190950562.8200644
Movie 389,38461926.886751935,98.69873194480725,108100122.4833909
Movie 390,32031706.57303284,116.89958214408675,62338302.06801048
Movie 391,,99.8342694537184,132909830.39892624
Movie 392,23595335.859587155,140.20080871289935,48395006.52970343
Movie 393,86629175.31708708,112.04802996624106,199679627.08050632
Movie 394,73588802.41442575,,182129975.95423526
Movie 395,40616486.9579059,112.77020458797362,83877368.54692197
Movie 396,15737309.418182448,89.79310565705455,34990995.60965385
Movie 397,77077447.48330826,95.42578942234023,169478877.22164306
Movie 398,47709203.09494764,128.0062086191664,122239575.4713416
Movie 399,74756326.23946923,100.14658581542906,188445993.96337557
Movie 400,18111446.824112657,94.2963352597709,41357103.6648118
Movie 401,38012499.54092454,118.04979128790929,97047669.84861878
Movie 402,50104873.994363666,127.78556231994496,117044783.95986727
Movie 403,50939611.87529484,120.784299659976,123197627.92305224
Movie 404,40998690.570415124,124.94071528708724,123079529.75640704
Movie 405,62456998.64694998,98.64807367145809,181258848.8467626
Movie 406,28647591.412348114,88.67283999887235,60450016.84607355
Movie 407,47152410.29957413,132.5200047793323,129618190.7709443
Movie 408,52405912.634237975,105.15980241736797,143771374.66951737
Movie 409,60288776.68117498,106.23750475317429,129953725.006898
Movie 410,64232297.5617778,129.92291212773586,176358334.67962253
Movie 411,27507158.163242616,118.3434501410099,81459136.3653285
Movie 412,19317716.585287556,116.83831658122412,
Movie 413,75553536.43797018,142.47503517351626,168087666.24909297
Movie 414,56646280.23959184,100.34722654429785,158909721.59093493
Movie 415,35030269.26886892,123.91760192121856,90428839.32520963
Movie 416,81023039.51045045,110.85519687345626,215962283.9874685
Movie 417,52313492.68585718,114.02888418294886,136128955.15895772
Movie 418,73585943.68127653,132.92702639618798,192589777.61336818
Movie 419,51350369.62820218,,107941473.8434208
Movie 420,91214958.49763975,118.07444118574449,256696708.58709496
Movie 421,,126.08761005964703,242629066.50430465
Movie 422,45020717.03041853,104.52570905685673,109453591.84262116
Movie 423,69431419.0190871,,172672947.65165836
Movie 424,62907518.99170295,94.3278620896845,128373345.1906485
Movie 425,77372631.15064697,80.50465115935998,205368350.94306758
Movie 426,30701530.788397912,140.84310694910482,82022738.71885046
Movie 427,63721029.199968785,93.45187451417476,158113710.31686532
Movie 428,71168489.73699176,106.68119564621342,201926783.50828823
Movie 429,14825210.271537714,105.84780050166619,
Movie 430,26334829.7466845,114.61110046713651,70297714.64642438
Movie 431,9215356.444797985,122.23605818808946,20219420.011465844
Movie 432,44611863.31110884,122.90710232539618,111214446.67712687
Movie 433,64350845.11591925,101.25383842146593,157511159.63611618
Movie 434,80047141.04192056,107.49317429320382,205528429.1088434
Movie 435,51481895.6083955,114.2386992573245,122997554.98858176
Movie 436,82572310.91142583,106.26963310724679,203173978.46472463
Movie 437,22397970.835702173,134.11018364029988,61545461.225713775
Movie 438,15932351.212896906,117.36462427457377,37743273.66476858
Movie 439,48889046.02206762,121.02316679074727,98659408.51036508
Movie 440,57681308.97878615,119.94321903001119,174478759.37580052
Movie 441,49346105.03811814,127.60210786227987,143816076.0170146
Movie 442,8651157.999202468,112.7153233805556,18274024.372455996
Movie 443,48217599.20974423,90.5475207806623,130520814.38190411
Movie 444,23910609.989902936,115.99531927628962,56168594.90273312
Movie 445,,100.22964659312257,163494636.6019171
Movie 446,57331964.92193697,102.07074977375365,148390446.53797916
Movie 447,31202404.273452897,118.7954602813264,75811784.59853603
Movie 448,39722661.65326613,128.57424607150455,89966676.62830472
Movie 449,28815729.56222097,110.31907365104092,66069790.64100538
Movie 450,48746418.054536566,114.63249518898445,108467722.89727083
Movie 451,69102846.41002476,135.53322416952858,155512731.33632308
Movie 452,30285479.073289126,113.61129769232852,75103339.67398208
Movie 453,60080930.310356885,149.02524671270592,
Movie 454,39394847.632551186,118.48264468447316,106547920.2432426
Movie 455,34142543.354753114,83.58855861266274,100589868.28820683
Movie 456,47859392.80090884,121.30012431656799,111320183.22502132
Movie 457,29295153.55161252,,75341901.36027059
Movie 458,38927013.89305636,129.34629131124117,103152909.50191562
Movie 459,26042442.14822303,120.09772026904938,68793732.92083111
Movie 460,89294502.65832779,107.92316024024339,225270973.0076736
Movie 461,50705271.039434575,91.63552645565952,138060551.5943322
Movie 462,36005489.840148285,106.86465114070963,95222807.53022037
Movie 463,54279598.21468444,97.2421931868605,115545049.83390945
Movie 464,47753439.0061834,101.29214825292917,131835154.84775878
Movie 465,45580608.00933554,118.82867606630914,126084496.776458
Movie 466,62283334.00086851,135.0485675652711,141446333.99273837
Movie 467,65150154.2009461,,163616882.2512037
Movie 468,,92.06175406947224,106549836.62234877
Movie 469,38483635.1871064,116.66904002330212,93792540.96607241
Movie 470,44498966.05696712,127.94947229968477,125571339.26064098
Movie 471,5000000.0,100.85325643520926,16045808.741929041
Movie 472,19696178.756028954,107.98974249990623,44596170.4705162
Movie 473,77337485.3488905,110.22032292093796,161301758.34345543
Movie 474,82899354.27002567,98.2265253037664,214804295.29232526
Movie 475,45019279.20887244,119.72420650765788,
Movie 476,61531139.26111533,108.18577777088328,149566206.85286295
Movie 477,56225003.09087072,116.29298665860541,165075383.31329662
Movie 478,111577616.16910475,96.6876173329685,234136507.18578446
Movie 479,72391498.22869153,103.43812549514884,196027170.75327492
Movie 480,47441648.17038467,120.83572036741657,109981209.6563625
Movie 481,30889191.187991485,104.40750271862349,93156035.83075242
Movie 482,17871073.59484855,135.90445776850106,55360200.54172131
Movie 483,54069272.71734446,104.00545721578096,122737412.5557392
Movie 484,34872985.094313934,113.37027088627829,81433053.3930807
Movie 485,21554925.808046516,123.98886247809635,59445820.45891982
Movie 486,37068542.31514947,88.72451400600453,88366245.1259095
Movie 487,28369039.9277121,83.58786782028837,70536118.02287455
Movie 488,83742832.7014513,87.11515528144858,209994911.2298394
Movie 489,67632795.138989,128.93876155140774,130132129.45539276
Movie 490,49840547.173667654,101.72212781161329,124394463.68307301
Movie 491,79598882.77780052,148.37298928502378,182526738.87360308
Movie 492,51547366.152952366,101.53628602013917,121242660.57699542
Movie 493,32774315.973434728,112.76826954795555,96130005.36290167
Movie 494,80462481.54539314,133.13164928851813,170825705.02570167
Movie 495,60778200.873693176,140.09139332238684,166773046.64174226
Movie 496,29255076.91347087,140.92255364954596,70689367.6888179
Movie 497,46193226.438327834,128.12549345889713,111606158.65229374
Movie 498,32487634.932304855,125.36093788717193,88922281.41666661
Movie 499,22344005.38071328,118.88790423801774,58139445.838452935
Movie 500,68523550.95063283,121.67541614249957,183039006.0130018
Movie 501,,101.732214255072,246085609.34271568
Movie 502,22028648.523617174,97.72701674866539,52882138.53122095
Movie 503,61259384.733811416,109.94938313883571,141896888.13431376
Movie 504,36987148.617563464,107.44723066212607,80426884.40444249
Movie 505,40257492.32470608,103.20157926009087,90675043.38915738
Movie 506,38152121.51522262,120.44581171185072,129134566.45032977
Movie 507,,124.32957812855766,94018305.21326783
Movie 508,50970432.55889654,111.32610329437772,106766627.9377834
Movie 509,,132.1629512158289,70209004.3869232
Movie 510,55409136.51559678,92.87466328799742,146532776.00778982
Movie 511,48995237.81101726,107.09510811080423,130532105.19548264
Movie 512,45221039.0626718,99.24766519095793,120498926.8640062
Movie 513,31848726.759168044,82.0019507439041,77185811.67655253
Movie 514,38464573.38863334,108.7597897123595,94713770.09434389
Movie 515,65107824.51651512,108.17378737425075,169173818.0477456
Movie 516,60018343.752487615,132.70174614863197,151592406.17451334
Movie 517,30448895.104028977,119.46217526832166,55849664.48383582
Movie 518,51986646.108584516,94.63719763506192,126382661.65028247
Movie 519,65027742.46743578,137.81138849501284,145959844.66593018
Movie 520,16611894.377572566,128.3155054328803,42402914.01932727
Movie 521,60867203.8475987,118.73146555202923,206679320.09379902
Movie 522,36747524.82108307,106.60273851725252,95920024.53970066
Movie 523,61411973.37186319,95.60841144914781,147753590.40810558
Movie 524,34734816.86914966,104.4168983589342,96442624.08114025
Movie 525,13902357.986709617,,36769044.90792334
Movie 526,17449151.242336746,138.26879458901914,45821965.79583184
Movie 527,50961698.93322764,133.14865292408282,136682088.50174138
Movie 528,55194450.03442964,102.6672586732059,172039062.39585766
Movie 529,31913667.49791183,93.20573850066484,68956929.49411206
Movie 530,62771849.17554748,112.11329370366806,165848851.32596168
Movie 531,16769598.754620802,83.47340951655723,37263484.93345922
Movie 532,48678404.02705367,114.84751571277172,129808450.7798699
Movie 533,25779676.004750866,107.78596120551997,57344157.82706326
Movie 534,36963277.84395681,103.00945247197636,87780020.96165253
Movie 535,50947973.42632828,86.07945399099808,122859663.6331296
Movie 536,32791732.69432095,117.70400159854574,91578948.04162265
Movie 537,42308889.115403496,102.00948740507133,117429858.9564015
Movie 538,,92.45124746434568,149107541.18463743
Movie 539,38462162.60953703,66.91606680077527,96789271.93686853
Movie 540,66713842.24130283,109.58727642424046,152582966.05705422
Movie 541,27405862.906847637,136.58377395004615,58167533.35225027
Movie 542,60596083.55830566,134.91888821821806,147545093.89943647
Movie 543,78831372.413158,103.14355615120593,189782994.55895194
Movie 544,5000000.0,100.9668190945733,16140074.729518283
Movie 545,34062094.89059047,117.03161384112536,89579492.82305102
Movie 546,,95.02421841217563,128419435.87810513
Movie 547,45939092.279140145,114.52687849729199,107064169.16950984
Movie 548,57422917.46742617,121.49120417577035,161152536.27138045
Movie 549,37920296.26568359,128.4039983582646,118559051.26855497
Movie 550,51731795.749458,108.4976888528007,104715759.94242212
Movie 551,46886455.29215841,106.94489374734552,90773241.03945795
Movie 552,73355641.23319614,96.83026119865158,224562858.13230327
Movie 553,55088416.86602426,97.5967946894021,144160010.63103712
Movie 554,56752053.24150404,106.6028166214771,127096914.49916255
Movie 555,41762460.67755065,115.51048260224267,111104379.54975554
Movie 556,40247875.51855013,123.70376939349875,68794714.72689994
Movie 557,41348836.24360758,97.95231573979483,103413962.58987652
Movie 558,57889042.847565934,132.39032853439284,150415783.29523066
Movie 559,41580310.38359474,105.93314598436147,115480207.74306825
Movie 560,55795497.13792826,109.67949058477346,122517494.23353206
Movie 561,91508015.97290877,98.79182481278265,231122358.57258344
Movie 562,67422494.06863385,73.63639609590587,149837904.26314357
Movie 563,43479529.35664318,123.26068094541574,112030013.04222332
Movie 564,74024278.4432789,121.0526584563865,165177486.46726736
Movie 565,41838492.539568976,105.7800866432268,99473934.17454343
Movie 566,9237509.296442926,111.00486075837308,20334117.051032595
Movie 567,29838273.781651918,117.73908826556149,80424318.88993685
Movie 568,12584161.579482883,86.56181214670187,34701270.216735706
Movie 569,42969730.31917383,102.06420983980559,104399851.01241429
Movie 570,50368367.58379103,121.9139701943274,126498714.57522175
Movie 571,83528746.24550566,91.18565865246126,172522158.20786116
Movie 572,56538547.47528325,114.40336898249944,136263383.9710385
Movie 573,45617989.423822716,89.65127293064893,113357903.45278558
Movie 574,66588111.62366978,116.9964497365029,218824377.92558843
Movie 575,5777293.819842294,109.46537776553775,12515986.481843688
Movie 576,54712291.16217132,85.77302276141737,160813275.3253225
Movie 577,65417303.87773934,127.47109031685757,183106803.68644932
Movie 578,20428275.08440317,98.98112634802926,52790563.01189462
Movie 579,72875080.86413857,97.84621344478428,220635585.15886167
Movie 580,56769928.149888285,113.00853795846415,148262140.65794224
Movie 581,41694241.72198398,127.22956024143073,109103313.57671338
Movie 582,62655637.322125696,94.76267271532404,155640600.7943797
Movie 583,95413857.15608792,110.92519774771958,273558270.86053735
Movie 584,53637325.10116991,116.4322475049586,151736815.78012827
Movie 585,54964411.726006724,120.39658410894717,127094034.10375093
Movie 586,40812782.00919512,112.64662332915837,85879310.57216729
Movie 587,33003112.610704165,104.49458241375017,80498083.676632
Movie 588,66606716.33088491,97.5861466902692,150530408.31343156
Movie 589,32878323.481822655,111.29215824569562,81569234.250582
Movie 590,51431324.74438785,93.9179148202159,147671236.6277785
Movie 591,40446851.06469767,66.17974274758089,95568204.08126363
Movie 592,59579596.514927834,116.54839706236501,148183571.35333502
Movie 593,56673242.10573897,123.55902261629294,142669606.2135774
Movie 594,70750798.88515799,74.55601346687243,194885146.02735394
Movie 595,39799672.02290506,94.85403942935093,72671542.48795739
Movie 596,44602501.294132575,119.28731391507796,103388148.03060551
Movie 597,30424725.684353855,140.8624320456755,77990288.72463875
Movie 598,41114134.79847777,110.31190561513112,117587399.39119957
Movie 599,57546009.86089704,99.07995588156298,135372917.72380516
Movie 600,65139772.332907036,107.2565533834274,126177966.0195871
Movie 601,31556693.516447492,130.62314628722277,84758547.04181509
Movie 602,67392118.4021132,100.31053731313197,155634770.8044871
Movie 603,77112757.17609902,98.01211990024619,165260350.07936674
Movie 604,58268698.06447402,102.75884716726951,134757807.2608412
Movie 605,87535916.25116132,95.70007087611931,213994011.75170988
Movie 606,34524216.01792854,111.84005473992194,80047039.41455925
Movie 607,25106905.93377166,134.3701768770434,46154782.976537354
Movie 608,14425595.02191443,114.84618909674043,39946201.65402889
Movie 609,79920886.22978365,106.21469746810568,230368958.51382738
Movie 610,63087313.127081156,105.62283096626683,170049114.38074735
Movie 611,48888306.5817909,86.55213786955014,105534908.69964562
Movie 612,55599372.52639641,123.24664665720738,135637590.45893207
Movie 613,27490219.05403247,108.83244204480798,68671765.91982771
Movie 614,98915039.59233654,107.29280129614061,265056530.20619693
Movie 615,52584423.63950455,157.8966135176729,142004348.91701692
Movie 616,52187895.89209786,114.48129362548529,118975243.99703722
Movie 617,64515332.47797384,98.72313424857224,162875322.3700558
Movie 618,59620184.634734266,103.60463605691685,157229404.23273766
Movie 619,54477680.48558263,127.22668563795132,159987148.2068637
Movie 620,34190510.89109376,111.69905615806647,92702508.78455159
Movie 621,59429367.14271992,88.4258303252395,162641359.72793722
Movie 622,87640489.92950067,123.78843401862805,221305206.84601182
Movie 623,76908400.92309955,99.97783871691509,224813849.53523788
Movie 624,81863732.53278795,138.09946664326318,214722744.91106457
Movie 625,39775686.4713763,126.20072098571973,89164107.35663377
Movie 626,30207903.594828382,103.29017156511873,
Movie 627,47484261.59800704,129.21524542602668,128652480.46402211
Movie 628,51114498.24577389,111.01783265791104,120992453.762203
Movie 629,71883830.36941898,,169369238.58399048
Movie 630,16150707.405703612,117.27099225941713,41813739.970235676
Movie 631,80591006.38921228,97.3046501751369,212676074.61146948
Movie 632,46839842.02842021,100.34675251523807,119871946.63772896
Movie 633,41462378.6010516,125.44941226371742,107528225.92665301
Movie 634,29757912.49479665,104.97837001840189,89570936.07625008
Movie 635,16902866.562684614,103.94527305137005,47690811.682226956
Movie 636,66463411.67923829,95.6731613097597,169959616.73298442
Movie 637,51466359.343768075,116.35398598390192,143199646.94058126
Movie 638,24200782.00517892,140.93787378864718,53005589.24162538
Movie 639,24098424.558727678,93.9870062861859,63122885.89472526
Movie 640,43284306.01419744,110.36329185009137,131705135.95007713
Movie 641,83380430.50578786,131.18330833123144,202996848.07611883
Movie 642,44808172.9727279,108.80537913131427,
Movie 643,19937140.937637877,116.78557694374601,45942615.92137045
Movie 644,45085138.71828111,94.0640970777968,97974969.80352172
Movie 645,44545528.60504659,116.42460645811472,
Movie 646,5000000.0,,11944237.852114957
Movie 647,48914102.66964375,124.78594993519795,101659641.82855861
Movie 648,45381309.395826444,127.81079077347127,113665907.6231304
Movie 649,63924127.29626837,148.8434546302792,177113502.51476738
Movie 650,86979121.8989069,118.69449759820364,193761054.11302173
Movie 651,72531300.59095515,114.8869447487325,214386943.16198793
Movie 652,44622226.18890339,112.91576452366004,118393369.50519268
Movie 653,27869481.825166594,104.70250560783967,78290228.63304225
Movie 654,101467196.0649972,115.07725765192536,233643401.86627957
Movie 655,51184368.68028977,105.56897884791456,
Movie 656,50278585.83825892,112.52691464404421,109226196.89342812
Movie 657,49517498.25779993,129.7639630341194,137018594.3660046
Movie 658,53961695.215357095,94.90186152080538,137686060.66237676
Movie 659,47112791.76152115,127.09817841693568,125601542.25948809
Movie 660,38526759.86239527,129.75672601009796,82729344.3360574
Movie 661,39062821.175192155,108.22897209513381,87167866.98153284
Movie 662,49344934.595680036,78.17217651487108,132203392.69972242
Movie 663,39131504.5773247,100.88267019358351,86695676.16285293
Movie 664,35743084.346456714,129.45491819841664,94324637.33663431
Movie 665,52128604.55383794,109.65697906551677,108941415.55952458
Movie 666,44900455.6515829,95.01046651557634,123676161.71515402
Movie 667,80079859.77165377,,170589561.1655476
Movie 668,5000000.0,122.60930039756829,13328449.906519284
Movie 669,71830137.03844923,118.20100352302069,193057089.30590862
Movie 670,74921703.84995258,106.41601851245458,171643260.0754694
Movie 671,8532195.35183701,104.49763382277969,22820277.690690313
Movie 672,43146248.11839303,104.12362776434267,111236752.25027421
Movie 673,42571182.68008417,96.16384723252246,99546216.17151342
Movie 674,21849766.105643574,134.23063534204164,48013410.07856402
Movie 675,34443666.24818249,105.1651929618299,65829158.33223265
Movie 676,27788483.090683423,128.25737781238246,72386081.0548218
Movie 677,85045408.86847246,132.81974077883677,172689734.72447968
Movie 678,68713567.86294922,,173749351.6929677
Movie 679,75431101.89988318,103.52569530922928,182616097.97991517
Movie 680,64433441.2808647,116.05595135504915,174211455.04491788
Movie 681,27418964.575655416,109.63706590413626,66062878.98391392
Movie 682,39509594.674404524,96.44447208904808,94869082.1345253
Movie 683,59787491.22455836,114.86538922582405,162595742.05444026
Movie 684,25557443.822161093,92.31440313260296,66462577.58204714
Movie 685,64259968.603447765,127.81519082692346,166744773.0733269
Movie 686,45193492.0368373,103.0307405405241,119346082.41704048
Movie 687,42503583.84900805,113.01739483809259,86678764.07404038
Movie 688,,114.24931807319213,175128107.34514114
Movie 689,58885266.22972079,106.11642539443883,
Movie 690,42780676.683618404,118.80040702212912,93903374.04504979
Movie 691,73186596.06728496,102.87644515066214,177607464.45780078
Movie 692,,123.06945946185866,70612186.30856058
Movie 693,62318712.138885275,89.81030479629877,153282280.429992
Movie 694,61862025.15936767,111.89569369319618,160851038.9938897
Movie 695,43809071.213720195,139.08393498587427,128334732.81775925
Movie 696,56522660.44484236,94.99503013091638,159649951.14073977
Movie 697,24977728.47229394,99.83382544212722,52611444.76783618
Movie 698,68480540.38413802,117.70861774488372,183981257.68821916
Movie 699,46301957.27114022,112.69372672909397,134214557.31104746
Movie 700,39545539.58961921,115.25945148910338,103452814.4746031
Movie 701,70980184.51673779,117.33780695221495,200681858.85699916
Movie 702,35913126.18914481,119.52082202842655,111462892.2058035
Movie 703,21830774.072728805,126.64549762934334,61281446.72696919
Movie 704,18867416.529521927,116.14727985392769,48579684.05931362
Movie 705,62120199.02691279,106.38113518072187,174776828.7705452
Movie 706,24391412.950074337,120.08860551804096,62038738.065738164
Movie 707,,138.49822902342822,213349924.27622154
Movie 708,8361411.842325561,108.0104938042614,20022033.860196326
Movie 709,83929127.36580077,95.38206042994038,249187594.09014624
Movie 710,54220349.34405237,126.60621003930459,122238226.90596232
Movie 711,48065737.76259215,108.19428254069602,142260659.9695519
Movie 712,39101618.263821006,,103617694.50463513
Movie 713,57982722.28704142,122.71132515725633,120616131.31917858
Movie 714,49247305.95150303,101.97007721069116,128549986.04319827
Movie 715,72066037.64033043,108.64200076543759,134762917.296992
Movie 716,52284552.97324079,,140522704.5454587
Movie 717,53006035.22923755,112.857495196686,146591871.4250973
Movie 718,42727755.75572288,,99226377.21124259
Movie 719,48861087.52557865,103.46770444145236,123963721.24964741
Movie 720,56156035.37784118,117.69658697264124,173311408.63966867
Movie 721,15796632.146867491,106.10679983624124,37094851.973153815
Movie 722,23036291.55788574,121.08215721331254,50272737.72222642
Movie 723,64865281.8804543,119.23051226019581,190995758.9769426
Movie 724,,95.96841946933107,164994109.685405
Movie 725,46320333.27294642,126.28973174262549,
Movie 726,50368678.661307864,101.96054832328927,141205513.63575202
Movie 727,56951634.10723342,122.12086697421718,165298858.91957778
Movie 728,39204806.39381277,115.50930970102011,89279330.80839412
Movie 729,34433905.491953745,137.57275515192683,81071471.14895912
Movie 730,53916905.10195363,106.64801026442221,154701746.05033726
Movie 731,30432544.44769936,104.76024805822703,91465142.69878983
Movie 732,58165055.11428943,109.708705911684,155234636.66216958
Movie 733,15948327.915243194,105.45230325748587,35661349.44385145
Movie 734,70583112.74651287,121.99912852913076,218533669.41067004
Movie 735,59451949.64826086,85.75534087345119,139159697.59622952
Movie 736,55120594.686277516,94.19476371280469,
Movie 737,69653819.67891029,93.9829561763121,181288090.5351183
Movie 738,,124.25461387960364,247116615.31362438
Movie 739,70287401.30036262,135.65920058872888,193725628.9003451
Movie 740,13182515.373367094,108.43326172193792,34596979.684337884
Movie 741,24408460.66528597,107.46767415214984,64413599.62243471
Movie 742,,111.05078244669772,94248658.5046438
Movie 743,50521821.00421668,127.42817453912286,134764019.90490702
Movie 744,,96.0897029871414,105082852.30581942
Movie 745,35485123.73693069,113.57553474102178,85555263.6264102
Movie 746,53735335.289541565,124.62796444673644,138228592.74949616
Movie 747,,117.51641254909768,75182380.49002811
Movie 748,,112.84372424898115,98801498.09825987
Movie 749,21866778.063035555,125.01569138850712,53325607.114714466
Movie 750,31535335.077781916,69.45151560501145,95446192.00463943
Movie 751,22966307.887673326,120.16812979296361,68253706.31598362
Movie 752,30482534.940453347,100.18886475308864,71946656.99030273
Movie 753,71072835.93215679,82.54050654715314,174465950.65242344
Movie 754,31012022.22336114,,76842076.49399957
Movie 755,102647641.29674782,130.60487817744436,242710569.27273658
Movie 756,59866358.017617784,107.93827228058463,153168525.69890687
Movie 757,53696722.47389748,124.29311820804408,122026627.64174677
Movie 758,32832844.39637573,,70945715.78169131
Movie 759,64006197.58817983,129.7237168037607,171972707.26165092
Movie 760,38487243.47524452,134.5994679405709,103486766.2029556
Movie 761,52440196.29290723,121.13191236607838,118446947.83685343
Movie 762,101201690.76537588,111.13150458352389,280187671.94218063
Movie 763,48078802.005507,85.97051282154247,111087354.83627918
Movie 764,,106.30906267805076,188006881.2161724
Movie 765,35936471.497482255,97.35130107025712,98685259.51191896
Movie 766,49300230.190060765,142.56414076246722,122753443.3220005
Movie 767,85416012.7127102,107.36171281351496,225192678.44150648
Movie 768,37460658.84424465,111.84807210176729,87847908.6985935
Movie 769,86248971.15993857,118.27228064060701,210538915.69345194
Movie 770,64155038.70910951,110.65403669558681,
Movie 771,,135.4257656064613,88197539.1003688
Movie 772,62648154.78111042,100.66025957398323,153298014.41312242
Movie 773,69451088.9925346,112.91911182855864,141361754.2943804
Movie 774,62436199.24434393,98.86294121452927,146890766.14600864
Movie 775,18595505.60219087,90.19966233168941,44899542.8556124
Movie 776,35457256.48350263,100.82346363642071,85918111.8517239
Movie 777,45049627.288969904,109.44444804427383,109360257.24410973
Movie 778,48511331.417999074,103.5604666322411,120379449.47424302
Movie 779,62413441.95101356,99.61368530189216,165010683.484925
Movie 780,53554020.018665075,88.9052380449225,147935221.51508996
Movie 781,23293112.825797975,108.75341641056959,53692265.64271787
Movie 782,57603957.020119265,87.42919438953497,123217153.44217606
Movie 783,62211714.90567646,121.40083945534404,136081076.29613483
Movie 784,61195808.958620794,111.23659629401755,144045089.32969394
Movie 785,71615614.51109244,88.13672750802604,171478117.84723625
Movie 786,66678443.09097808,105.36186384425204,151293466.06337798
Movie 787,59183601.58456873,98.71765391614124,124946348.28219603
Movie 788,48596685.77082706,114.78761765628771,114841926.26917984
Movie 789,16780781.32968017,130.10675669034717,42865297.45605508
Movie 790,58592364.38265172,81.87241295531383,156940165.9408249
Movie 791,54153753.743262224,111.72539118721126,126328419.13350193
Movie 792,,107.5980080665004,131711005.71780555
Movie 793,24465028.48359381,120.07010114675698,54361061.05249022
Movie 794,28378869.19183475,113.19794942356533,70679510.5485172
Movie 795,71063057.06665808,98.72046002391771,159570062.9320986
Movie 796,49208896.922866896,105.21419096500072,131483138.55279152
Movie 797,63630013.947452486,98.05961214794766,124984621.93161455
Movie 798,50566367.52260923,126.14010707897897,120960368.94974305
Movie 799,50595122.789914906,110.31967473007913,131058175.8145925
Movie 800,68765676.11951995,138.5178602862951,175706641.74150646
Movie 801,39679105.435652524,109.0900877927807,131254913.59758444
Movie 802,51922415.53881967,99.37389849634306,135254777.51638046
Movie 803,40754494.22589915,87.2942841108076,89610314.38390231
Movie 804,41310075.451353684,82.95290485616083,102092098.05333734
Movie 805,43816557.53062721,86.23796085491765,86192693.92889851
Movie 806,54442675.43267426,114.00689976517225,134790268.78441012
Movie 807,40425027.566730455,117.63087534844901,90959674.6961599
Movie 808,75115122.5114704,86.282139469518,208415702.08702907
Movie 809,32107853.95560992,123.42557471114173,74976267.22519304
Movie 810,46262567.116772816,102.75408422474841,114035850.48700333
Movie 811,41205378.8345165,112.20189517978324,95156926.59839647
Movie 812,78939557.68707466,134.18330942383136,238528141.1973488
Movie 813,53931095.53023149,123.45258973798298,129630246.53320846
Movie 814,70636890.7893727,105.97204028141252,215426066.49709255
Movie 815,20288792.53926056,96.63211661877068,55677428.20727868
Movie 816,55341005.317385174,77.72276898006042,146355930.48970357
Movie 817,67792615.91246875,99.2127002113637,176980755.1702596
Movie 818,51645679.78550848,106.83304641758458,135215578.21299368
Movie 819,71309607.50130703,95.19230709273224,137035546.24601728
Movie 820,39654230.99799256,108.03114549361543,95817905.53503391
Movie 821,78186948.8037116,111.15277824438152,215291468.91649017
Movie 822,95977962.472385,106.62716027287883,238536990.56881762
Movie 823,42743228.79120682,100.2499612876481,88839366.64291523
Movie 824,41089949.57198457,112.52982007950092,102078885.06048869
Movie 825,79067689.54235402,116.62910974354114,238091129.62789568
Movie 826,81591442.91461425,93.64401383835731,234499315.55516255
Movie 827,39542799.45693463,131.16398569619406,98121455.0099705
Movie 828,41596263.65808286,108.52117801573607,115863679.6409473
Movie 829,44364307.822789855,110.28274434417271,106032820.47572811
Movie 830,23110989.77931446,120.62321634884836,45964026.79976116
Movie 831,31626961.070316035,113.49824196895253,70295987.73056869
Movie 832,29917184.66495864,124.29704950869868,88820131.23187147
Movie 833,34644048.69791743,114.30686247802737,83762452.84385751
Movie 834,49306302.25226437,100.81343938039343,119665646.41553387
Movie 835,54684294.650730416,115.42255287809152,131791804.5450343
Movie 836,81010009.85628153,92.84410689019008,248801261.8074085
Movie 837,30032919.18522418,111.62839558664784,89731985.77412952
Movie 838,69686447.96953167,109.5015501403331,220601793.9120318
Movie 839,45720223.11548982,106.87824714091191,112119083.03724243
Movie 840,49010725.806951344,108.07193732841604,126873445.74531959
Movie 841,63496389.843332075,81.77226431753542,129850576.63702792
Movie 842,27545559.56875403,101.76912638388558,81068794.48602042
Movie 843,57648194.92368101,,123924372.34938772
Movie 844,53329044.164261125,112.39784587996101,136790740.49474177
Movie 845,59849025.28016298,94.58487288611063,129920817.185522
Movie 846,55783372.878156364,128.98561761297051,129603738.86392848
Movie 847,99106002.7982179,97.00737727678249,222871687.14520842
Movie 848,37245200.31497368,124.54185800790106,86320870.0323179
Movie 849,39380060.89996365,116.40791542807527,92080946.78514118
Movie 850,37537189.47150471,100.30659035234295,87668832.78783692
Movie 851,38890457.61679491,136.62966338914268,106948765.19500624
Movie 852,37252257.45386965,92.0954475236528,80783053.66916417
Movie 853,73780330.62215103,123.78731260415002,189332312.3756668
Movie 854,78410084.9597971,125.00873477064468,224675296.58244514
Movie 855,38585074.125010476,99.94069686385032,90522169.3828956
Movie 856,33352888.537915424,130.88697950096494,76198820.72207797
Movie 857,59428311.12772808,106.2493022810157,144460871.07497576
Movie 858,38955539.114380576,114.33040443919785,111175897.23550636
Movie 859,62658636.35511021,113.90482758156831,160295346.72627306
Movie 860,54058460.41702599,107.98536887794178,126531162.96716401
Movie 861,19685117.70005536,122.16212409739673,52070344.89942196
Movie 862,80950104.02660123,121.9023308082832,175606060.80741376
Movie 863,85917553.46191043,83.77202040142728,232356106.30435503
Movie 864,37744226.190312274,129.56510364317228,98987335.46925369
Movie 865,42245968.80128032,85.06262017946489,101713821.88264987
Movie 866,55717307.8144981,125.48819306512486,125276146.61795993
Movie 867,56689135.7997405,126.90057705241375,126643286.93504143
Movie 868,63170885.45345661,93.63550354677203,168062679.04149058
Movie 869,90204090.775327,103.83778568068122,258767947.5806066
Movie 870,46461055.45011901,93.41442997271096,107269641.45324895
Movie 871,34034055.10923092,106.77618454566897,89765365.27208027
Movie 872,,105.37948573721388,42000692.297104605
Movie 873,35381399.20116162,121.6949079840401,82248120.0103662
Movie 874,49337460.542524055,129.65463119179412,122883940.69380683
Movie 875,85891157.27035576,130.93525716184934,191287764.74562302
Movie 876,39647774.019276574,101.56747960132547,87980317.11361048
Movie 877,54475759.03277797,106.86167189383208,125276058.12038061
Movie 878,49671542.07854496,84.74842711668575,128532954.21639489
Movie 879,73767865.46896169,97.91194900255717,180274005.123934
Movie 880,100538648.51747243,124.47277449646187,183837998.31325462
Movie 881,39382624.54159359,134.23374235322348,73400939.99102587
Movie 882,40211211.14963555,91.48476692180117,93207192.73223607
Movie 883,70883217.54138145,101.11303611270658,186940733.20695546
Movie 884,63637829.79252623,109.60391364561609,106641000.82066856
Movie 885,86934146.51472068,114.2024173822941,204302281.3813838
Movie 886,61678563.706519276,97.85594720117531,144458945.6832095
Movie 887,42814158.18425881,116.36091566696135,
Movie 888,61813096.61384618,102.89240979393625,147392924.40086186
Movie 889,72174071.61165816,109.78321593682581,188727741.35249582
Movie 890,,118.19426372005549,168838359.95963213
Movie 891,60145480.62214595,110.09633404716406,111920518.07773356
Movie 892,71333493.79178308,103.45421164210147,194773405.8949786
Movie 893,73385911.80891345,108.35585294111253,188206900.20829263
Movie 894,77643179.82075053,108.67455561191997,205947027.56812707
Movie 895,62974197.751792856,104.44983455176808,231610995.30318218
Movie 896,46657638.393662915,106.11805905999347,87472159.61335358
Movie 897,,133.97970755757075,159724353.68887666
Movie 898,74130179.33016714,118.41379171911858,178932887.47706985
Movie 899,33661286.58025528,105.56779522956259,87054774.62880833
Movie 900,57373466.177458026,120.45431606766104,142650306.86370978
Movie 901,42133223.753452785,104.99270765365985,99970726.07581072
Movie 902,50574896.45869635,127.59686956379961,
Movie 903,75569037.25214598,115.54463288297141,196392790.5043922
Movie 904,53821981.36039807,108.39046783993656,110057765.07417037
Movie 905,50928730.96312298,116.71575388715416,138789640.7545797
Movie 906,22802877.180401616,86.4368577189725,54160063.981673405
Movie 907,64925071.320544414,93.09848796635292,140301728.5710543
Movie 908,62909683.62282151,92.09112490401417,148781159.10023826
Movie 909,93265094.4661092,112.1441464214556,268337178.30587792
Movie 910,43844435.300939985,135.98772499227638,102569648.87624821
Movie 911,54383006.55327878,143.46950219288948,141805652.02363905
Movie 912,54987673.67421511,119.57076652161136,125411108.63778915
Movie 913,81549065.59526949,117.51266712416685,222415009.5848265
Movie 914,48094089.352260955,82.98413398770892,130125884.51296511
Movie 915,55580430.51540679,101.85989300398967,169775018.73127648
Movie 916,62157930.19433078,98.18324372137641,152121018.0451325
Movie 917,53732182.463127166,100.68728602623327,145108940.75004748
Movie 918,41071327.708989434,107.47784272122816,103886648.48867907
Movie 919,53881799.857966155,102.91864133454308,155651670.84249407
Movie 920,71472634.99719544,80.31050284436319,163268534.03387222
Movie 921,29469694.011778794,121.218653841763,80260758.61173987
Movie 922,52659393.48293752,93.9088546139029,128572691.2494621
Movie 923,35997583.701216534,113.58870296166724,89300773.46961384
Movie 924,,141.1112400462496,186786509.69638073
Movie 925,19536261.904324505,96.20923112620365,50319005.09504393
Movie 926,38821563.05456823,72.04568715880505,95700249.69852121
Movie 927,57544237.50129042,105.70993667179833,147567245.6753329
Movie 928,81310480.58468682,126.51439452497857,241771462.76564315
Movie 929,48684994.778540246,139.3752118133089,136105470.7859579
Movie 930,38896009.46613603,91.55675608321374,107382017.24252854
Movie 931,87623141.3888118,117.45048834854782,207083112.18293494
Movie 932,21039721.99167512,103.0203431482992,46986491.03631654
Movie 933,6023880.867598362,108.41077468543797,16786087.195668235
Movie 934,58800289.00106665,149.66515020525551,162454263.87642944
Movie 935,39958915.512947775,87.4554450740727,117551185.7155882
Movie 936,29575343.657385737,113.8060949224186,68579478.77083147
Movie 937,64167128.94598707,117.01539757648149,155998978.91460207
Movie 938,54876014.275423974,126.2867948740902,110199528.79643677
Movie 939,38718427.38526543,111.46974730206342,92237309.25691377
Movie 940,24393912.02658211,114.62075809256153,68277856.0754636
Movie 941,67449146.5656029,104.12527148867314,159183451.85228547
Movie 942,63004023.55917322,114.0369041186766,169615900.12973517
Movie 943,48016482.724412344,104.85211586753884,117297020.08160362
Movie 944,86932739.92095332,119.32357834784077,225783199.4085659
Movie 945,28598304.67347695,104.45584495934548,61649153.27256998
Movie 946,19489496.581505224,115.6565059085328,49221948.236968614
Movie 947,36161838.60237511,109.56105779472533,
Movie 948,49088279.672890045,126.89075376158252,119968375.91773185
Movie 949,54866788.98645384,109.22909414617271,110329323.04284135
Movie 950,45175278.8428734,83.40451297689678,129282538.67757711
Movie 951,57041107.93028594,128.92882251070986,155906022.84016633
Movie 952,,96.41401548706071,65918750.7276317
Movie 953,78875292.08146518,100.1935049202677,233179173.33114
Movie 954,48356976.43214862,101.06508058934762,
Movie 955,72345916.63176255,130.61657139756227,218789169.25194907
Movie 956,56854506.927554086,77.96488679031957,158036054.84330007
Movie 957,59135064.38307568,157.0662280048999,143641047.3157344
Movie 958,61395345.604644075,125.84085213599077,174404901.43517828
Movie 959,58954171.2003463,113.3485837119374,127819242.86230136
Movie 960,62854455.197350875,109.1765899907557,141588821.46578044
Movie 961,76583050.60264863,114.28331112286486,177475329.2352862
Movie 962,53930423.3940294,117.81683642569007,126267660.9565048
Movie 963,64180075.15177025,119.67823378925085,140107203.20506653
Movie 964,48205286.114255466,118.33406699005172,138200936.04288805
Movie 965,78802344.30898947,111.34371021882873,190886360.69732153
Movie 966,36472153.958814606,107.03992369539012,95037369.54018427
Movie 967,,107.73090074519732,200328738.12889358
Movie 968,49196840.98711313,107.07637579470979,96121723.14447321
Movie 969,21384497.95763904,127.00655145300597,55193757.20278762
Movie 970,52562088.298215784,118.90335083421293,101251586.28552443
Movie 971,36378966.85050239,65.8941704800358,90198366.42004824
Movie 972,66812870.97977448,119.83851164794642,139605860.6046697
Movie 973,36947520.41395218,112.92104292078162,114396277.1998017
Movie 974,41076331.3357044,109.71936865331153,113921459.48217852
Movie 975,12209185.381089382,104.17222320366672,30910313.745439414
Movie 976,40953873.615018465,126.86169079979021,117910789.10648341
Movie 977,5000000.0,124.21289693184286,11230526.033801395
Movie 978,18321943.530285534,98.40683498264586,48792138.371474266
Movie 979,65208293.12288595,,166929522.0064971
Movie 980,65716003.173016645,95.42514898188071,169495111.2833407
Movie 981,58509151.235699296,89.30572752816605,168606175.0981537
Movie 982,30660477.13741574,100.59924163115052,83388760.05472466
Movie 983,,122.93590208574138,126862634.75025438
Movie 984,49927949.21818863,124.2968756806413,100032332.28212416
Movie 985,26832706.216149144,117.6962813014594,59353573.48183199
Movie 986,80067966.03534302,120.87643680271995,197222398.6701449
Movie 987,67547245.81151342,117.74267430672438,170760228.54396445
Movie 988,,100.37777607165572,98497142.63209864
Movie 989,50537716.77989062,116.47883817010911,162908481.78824165
Movie 990,,122.00614287841523,160060993.93331352
Movie 991,9165302.631514184,121.31436994720362,24568835.5666983
Movie 992,45056452.34958806,127.83370057211964,113614848.49632363
Movie 993,36360315.040044025,120.62455770801596,88585992.10013132
Movie 994,,115.27172311312374,66360986.06900043
Movie 995,44377994.1422809,126.05225357474642,111976514.35479353
Movie 996,85953730.53699045,109.6021811112641,221530764.05667257
Movie 997,62816857.225340195,96.77188023158423,133641094.02992485
Movie 998,38576420.204344064,107.55399554084354,100308449.47906657
Movie 999,61451655.62712317,98.82646032790326,150766861.38739598
Movie 521,60867203.8475987,118.73146555202923,206679320.09379902
Movie 737,69653819.67891029,93.9829561763121,181288090.5351183
Movie 740,13182515.373367094,108.43326172193792,34596979.684337884
Movie 660,38526759.86239527,129.75672601009796,82729344.3360574
Movie 411,27507158.163242616,118.3434501410099,81459136.3653285
Movie 678,68713567.86294922,,173749351.6929677
Movie 626,30207903.594828382,103.29017156511873,
Movie 513,31848726.759168044,82.0019507439041,77185811.67655253
Movie 859,62658636.35511021,113.90482758156831,160295346.72627306
Movie 136,34334934.15327526,127.8420573338696,86886504.1404632
Movie 811,41205378.8345165,112.20189517978324,95156926.59839647
Movie 76,51740941.364763424,86.65127152010373,138910527.09823504
Movie 636,66463411.67923829,95.6731613097597,169959616.73298442
Movie 973,36947520.41395218,112.92104292078162,114396277.1998017
Movie 938,54876014.275423974,126.2867948740902,110199528.79643677
Movie 899,33661286.58025528,105.56779522956259,87054774.62880833
Movie 280,52270346.90502496,112.00311357173423,103613312.34108916
Movie 883,70883217.54138145,101.11303611270658,186940733.20695546
Movie 761,52440196.29290723,121.13191236607838,118446947.83685343
Movie 319,47397138.91264631,107.19543045521831,102849598.37996718
